C[C@@H](C([O-])=O)NC([C@H](C)[NH3+])=O,O=C([O-])CNC([C@H](C)[NH3+])=O,CC[C@H](C)[C@@H](C([O-])=O)NC([C@H](C)[NH3+])=O,CC(C)C[C@@H](C([O-])=O)NC([C@H](C)[NH3+])=O,O=C([O-])[C@H]1N(C([C@H](C)[NH3+])=O)CCC1,CC(C)[C@@H](C([O-])=O)NC([C@H](C)[NH3+])=O,O=C([O-])[C@H](CC1=CC=CC=C1)NC([C@H](C)[NH3+])=O,O=C([O-])[C@H](CC1=CNC2=C1C=CC=C2)NC([C@H](C)[NH3+])=O,OC1=CC=C(C=C1)C[C@@H](C([O-])=O)NC([C@H](C)[NH3+])=O,O=C([O-])C[C@@H](C([O-])=O)NC([C@H](C)[NH3+])=O,O=C([O-])CC[C@@H](C([O-])=O)NC([C@H](C)[NH3+])=O,[NH2+]=C(N)NCCC[C@@H](C([O-])=O)NC([C@H](C)[NH3+])=O,O=C([O-])[C@H](CC1=CNC=N1)NC([C@H](C)[NH3+])=O,[NH3+]CCCC[C@@H](C([O-])=O)NC([C@H](C)[NH3+])=O,OC[C@@H](C([O-])=O)NC([C@H](C)[NH3+])=O,C[C@@H](O)[C@@H](C([O-])=O)NC([C@H](C)[NH3+])=O,SC[C@@H](C([O-])=O)NC([C@H](C)[NH3+])=O,CSCC[C@@H](C([O-])=O)NC([C@H](C)[NH3+])=O,O=C(N)C[C@@H](C([O-])=O)NC([C@H](C)[NH3+])=O,O=C(N)CC[C@@H](C([O-])=O)NC([C@H](C)[NH3+])=O,C[Se]CC[C@@H](C([O-])=O)NC([C@H](C)[NH3+])=O,[SeH]C[C@@H](C([O-])=O)NC([C@H](C)[NH3+])=O,[NH3+]CCC[C@@H](C([O-])=O)NC([C@H](C)[NH3+])=O,O=C([O-])[C@H](CC1=CC=C(OP([O-])(O)=O)C=C1)NC([C@H](C)[NH3+])=O,O=C([O-])[C@H](COP([O-])(O)=O)NC([C@H](C)[NH3+])=O
C[C@@H](C([O-])=O)NC(C[NH3+])=O,O=C([O-])CNC(C[NH3+])=O,CC[C@H](C)[C@@H](C([O-])=O)NC(C[NH3+])=O,CC(C)C[C@@H](C([O-])=O)NC(C[NH3+])=O,O=C([O-])[C@H]1N(C(C[NH3+])=O)CCC1,CC(C)[C@@H](C([O-])=O)NC(C[NH3+])=O,O=C([O-])[C@H](CC1=CC=CC=C1)NC(C[NH3+])=O,O=C([O-])[C@H](CC1=CNC2=C1C=CC=C2)NC(C[NH3+])=O,OC1=CC=C(C=C1)C[C@@H](C([O-])=O)NC(C[NH3+])=O,O=C([O-])C[C@@H](C([O-])=O)NC(C[NH3+])=O,O=C([O-])CC[C@@H](C([O-])=O)NC(C[NH3+])=O,[NH2+]=C(N)NCCC[C@@H](C([O-])=O)NC(C[NH3+])=O,O=C([O-])[C@H](CC1=CNC=N1)NC(C[NH3+])=O,[NH3+]CCCC[C@@H](C([O-])=O)NC(C[NH3+])=O,OC[C@@H](C([O-])=O)NC(C[NH3+])=O,C[C@@H](O)[C@@H](C([O-])=O)NC(C[NH3+])=O,SC[C@@H](C([O-])=O)NC(C[NH3+])=O,CSCC[C@@H](C([O-])=O)NC(C[NH3+])=O,O=C(N)C[C@@H](C([O-])=O)NC(C[NH3+])=O,O=C(N)CC[C@@H](C([O-])=O)NC(C[NH3+])=O,C[Se]CC[C@@H](C([O-])=O)NC(C[NH3+])=O,[SeH]C[C@@H](C([O-])=O)NC(C[NH3+])=O,[NH3+]CCC[C@@H](C([O-])=O)NC(C[NH3+])=O,O=C([O-])[C@H](CC1=CC=C(OP([O-])(O)=O)C=C1)NC(C[NH3+])=O,O=C([O-])[C@H](COP([O-])(O)=O)NC(C[NH3+])=O
C[C@@H](C([O-])=O)NC([C@H]([C@@H](C)CC)[NH3+])=O,O=C([O-])CNC([C@H]([C@@H](C)CC)[NH3+])=O,CC[C@H](C)[C@@H](C([O-])=O)NC([C@H]([C@@H](C)CC)[NH3+])=O,CC(C)C[C@@H](C([O-])=O)NC([C@H]([C@@H](C)CC)[NH3+])=O,O=C([O-])[C@H]1N(C([C@H]([C@@H](C)CC)[NH3+])=O)CCC1,CC(C)[C@@H](C([O-])=O)NC([C@H]([C@@H](C)CC)[NH3+])=O,O=C([O-])[C@H](CC1=CC=CC=C1)NC([C@H]([C@@H](C)CC)[NH3+])=O,O=C([O-])[C@H](CC1=CNC2=C1C=CC=C2)NC([C@H]([C@@H](C)CC)[NH3+])=O,OC1=CC=C(C=C1)C[C@@H](C([O-])=O)NC([C@H]([C@@H](C)CC)[NH3+])=O,O=C([O-])C[C@@H](C([O-])=O)NC([C@H]([C@@H](C)CC)[NH3+])=O,O=C([O-])CC[C@@H](C([O-])=O)NC([C@H]([C@@H](C)CC)[NH3+])=O,[NH2+]=C(N)NCCC[C@@H](C([O-])=O)NC([C@H]([C@@H](C)CC)[NH3+])=O,O=C([O-])[C@H](CC1=CNC=N1)NC([C@H]([C@@H](C)CC)[NH3+])=O,[NH3+]CCCC[C@@H](C([O-])=O)NC([C@H]([C@@H](C)CC)[NH3+])=O,OC[C@@H](C([O-])=O)NC([C@H]([C@@H](C)CC)[NH3+])=O,C[C@@H](O)[C@@H](C([O-])=O)NC([C@H]([C@@H](C)CC)[NH3+])=O,SC[C@@H](C([O-])=O)NC([C@H]([C@@H](C)CC)[NH3+])=O,CSCC[C@@H](C([O-])=O)NC([C@H]([C@@H](C)CC)[NH3+])=O,O=C(N)C[C@@H](C([O-])=O)NC([C@H]([C@@H](C)CC)[NH3+])=O,O=C(N)CC[C@@H](C([O-])=O)NC([C@H]([C@@H](C)CC)[NH3+])=O,C[Se]CC[C@@H](C([O-])=O)NC([C@H]([C@@H](C)CC)[NH3+])=O,[SeH]C[C@@H](C([O-])=O)NC([C@H]([C@@H](C)CC)[NH3+])=O,[NH3+]CCC[C@@H](C([O-])=O)NC([C@H]([C@@H](C)CC)[NH3+])=O,O=C([O-])[C@H](CC1=CC=C(OP([O-])(O)=O)C=C1)NC([C@H]([C@@H](C)CC)[NH3+])=O,O=C([O-])[C@H](COP([O-])(O)=O)NC([C@H]([C@@H](C)CC)[NH3+])=O
C[C@@H](C([O-])=O)NC([C@H](CC(C)C)[NH3+])=O,O=C([O-])CNC([C@H](CC(C)C)[NH3+])=O,CC[C@H](C)[C@@H](C([O-])=O)NC([C@H](CC(C)C)[NH3+])=O,CC(C)C[C@@H](C([O-])=O)NC([C@H](CC(C)C)[NH3+])=O,O=C([O-])[C@H]1N(C([C@H](CC(C)C)[NH3+])=O)CCC1,CC(C)[C@@H](C([O-])=O)NC([C@H](CC(C)C)[NH3+])=O,O=C([O-])[C@H](CC1=CC=CC=C1)NC([C@H](CC(C)C)[NH3+])=O,O=C([O-])[C@H](CC1=CNC2=C1C=CC=C2)NC([C@H](CC(C)C)[NH3+])=O,OC1=CC=C(C=C1)C[C@@H](C([O-])=O)NC([C@H](CC(C)C)[NH3+])=O,O=C([O-])C[C@@H](C([O-])=O)NC([C@H](CC(C)C)[NH3+])=O,O=C([O-])CC[C@@H](C([O-])=O)NC([C@H](CC(C)C)[NH3+])=O,[NH2+]=C(N)NCCC[C@@H](C([O-])=O)NC([C@H](CC(C)C)[NH3+])=O,O=C([O-])[C@H](CC1=CNC=N1)NC([C@H](CC(C)C)[NH3+])=O,[NH3+]CCCC[C@@H](C([O-])=O)NC([C@H](CC(C)C)[NH3+])=O,OC[C@@H](C([O-])=O)NC([C@H](CC(C)C)[NH3+])=O,C[C@@H](O)[C@@H](C([O-])=O)NC([C@H](CC(C)C)[NH3+])=O,SC[C@@H](C([O-])=O)NC([C@H](CC(C)C)[NH3+])=O,CSCC[C@@H](C([O-])=O)NC([C@H](CC(C)C)[NH3+])=O,O=C(N)C[C@@H](C([O-])=O)NC([C@H](CC(C)C)[NH3+])=O,O=C(N)CC[C@@H](C([O-])=O)NC([C@H](CC(C)C)[NH3+])=O,C[Se]CC[C@@H](C([O-])=O)NC([C@H](CC(C)C)[NH3+])=O,[SeH]C[C@@H](C([O-])=O)NC([C@H](CC(C)C)[NH3+])=O,[NH3+]CCC[C@@H](C([O-])=O)NC([C@H](CC(C)C)[NH3+])=O,O=C([O-])[C@H](CC1=CC=C(OP([O-])(O)=O)C=C1)NC([C@H](CC(C)C)[NH3+])=O,O=C([O-])[C@H](COP([O-])(O)=O)NC([C@H](CC(C)C)[NH3+])=O
C[C@@H](C([O-])=O)NC([C@H]1NCCC1)=O,O=C([O-])CNC([C@H]1NCCC1)=O,CC[C@H](C)[C@@H](C([O-])=O)NC([C@H]1NCCC1)=O,CC(C)C[C@@H](C([O-])=O)NC([C@H]1NCCC1)=O,O=C([O-])[C@H]1N(C([C@H]2NCCC2)=O)CCC1,CC(C)[C@@H](C([O-])=O)NC([C@H]1NCCC1)=O,O=C([O-])[C@H](CC1=CC=CC=C1)NC([C@H]1NCCC1)=O,O=C([O-])[C@H](CC1=CNC2=C1C=CC=C2)NC([C@H]1NCCC1)=O,OC1=CC=C(C=C1)C[C@@H](C([O-])=O)NC([C@H]1NCCC1)=O,O=C([O-])C[C@@H](C([O-])=O)NC([C@H]1NCCC1)=O,O=C([O-])CC[C@@H](C([O-])=O)NC([C@H]1NCCC1)=O,[NH2+]=C(N)NCCC[C@@H](C([O-])=O)NC([C@H]1NCCC1)=O,O=C([O-])[C@H](CC1=CNC=N1)NC([C@H]1NCCC1)=O,[NH3+]CCCC[C@@H](C([O-])=O)NC([C@H]1NCCC1)=O,OC[C@@H](C([O-])=O)NC([C@H]1NCCC1)=O,C[C@@H](O)[C@@H](C([O-])=O)NC([C@H]1NCCC1)=O,SC[C@@H](C([O-])=O)NC([C@H]1NCCC1)=O,CSCC[C@@H](C([O-])=O)NC([C@H]1NCCC1)=O,O=C(N)C[C@@H](C([O-])=O)NC([C@H]1NCCC1)=O,O=C(N)CC[C@@H](C([O-])=O)NC([C@H]1NCCC1)=O,C[Se]CC[C@@H](C([O-])=O)NC([C@H]1NCCC1)=O,[SeH]C[C@@H](C([O-])=O)NC([C@H]1NCCC1)=O,[NH3+]CCC[C@@H](C([O-])=O)NC([C@H]1NCCC1)=O,O=C([O-])[C@H](CC1=CC=C(OP([O-])(O)=O)C=C1)NC([C@H]1NCCC1)=O,O=C([O-])[C@H](COP([O-])(O)=O)NC([C@H]1NCCC1)=O
C[C@@H](C([O-])=O)NC([C@H](C(C)C)[NH3+])=O,O=C([O-])CNC([C@H](C(C)C)[NH3+])=O,CC[C@H](C)[C@@H](C([O-])=O)NC([C@H](C(C)C)[NH3+])=O,CC(C)C[C@@H](C([O-])=O)NC([C@H](C(C)C)[NH3+])=O,O=C([O-])[C@H]1N(C([C@H](C(C)C)[NH3+])=O)CCC1,CC(C)[C@@H](C([O-])=O)NC([C@H](C(C)C)[NH3+])=O,O=C([O-])[C@H](CC1=CC=CC=C1)NC([C@H](C(C)C)[NH3+])=O,O=C([O-])[C@H](CC1=CNC2=C1C=CC=C2)NC([C@H](C(C)C)[NH3+])=O,OC1=CC=C(C=C1)C[C@@H](C([O-])=O)NC([C@H](C(C)C)[NH3+])=O,O=C([O-])C[C@@H](C([O-])=O)NC([C@H](C(C)C)[NH3+])=O,O=C([O-])CC[C@@H](C([O-])=O)NC([C@H](C(C)C)[NH3+])=O,[NH2+]=C(N)NCCC[C@@H](C([O-])=O)NC([C@H](C(C)C)[NH3+])=O,O=C([O-])[C@H](CC1=CNC=N1)NC([C@H](C(C)C)[NH3+])=O,[NH3+]CCCC[C@@H](C([O-])=O)NC([C@H](C(C)C)[NH3+])=O,OC[C@@H](C([O-])=O)NC([C@H](C(C)C)[NH3+])=O,C[C@@H](O)[C@@H](C([O-])=O)NC([C@H](C(C)C)[NH3+])=O,SC[C@@H](C([O-])=O)NC([C@H](C(C)C)[NH3+])=O,CSCC[C@@H](C([O-])=O)NC([C@H](C(C)C)[NH3+])=O,O=C(N)C[C@@H](C([O-])=O)NC([C@H](C(C)C)[NH3+])=O,O=C(N)CC[C@@H](C([O-])=O)NC([C@H](C(C)C)[NH3+])=O,C[Se]CC[C@@H](C([O-])=O)NC([C@H](C(C)C)[NH3+])=O,[SeH]C[C@@H](C([O-])=O)NC([C@H](C(C)C)[NH3+])=O,[NH3+]CCC[C@@H](C([O-])=O)NC([C@H](C(C)C)[NH3+])=O,O=C([O-])[C@H](CC1=CC=C(OP([O-])(O)=O)C=C1)NC([C@H](C(C)C)[NH3+])=O,O=C([O-])[C@H](COP([O-])(O)=O)NC([C@H](C(C)C)[NH3+])=O
C[C@@H](C([O-])=O)NC([C@H](CC1=CC=CC=C1)[NH3+])=O,O=C([O-])CNC([C@H](CC1=CC=CC=C1)[NH3+])=O,CC[C@H](C)[C@@H](C([O-])=O)NC([C@H](CC1=CC=CC=C1)[NH3+])=O,CC(C)C[C@@H](C([O-])=O)NC([C@H](CC1=CC=CC=C1)[NH3+])=O,O=C([O-])[C@H]1N(C([C@H](CC2=CC=CC=C2)[NH3+])=O)CCC1,CC(C)[C@@H](C([O-])=O)NC([C@H](CC1=CC=CC=C1)[NH3+])=O,O=C([O-])[C@H](CC1=CC=CC=C1)NC([C@H](CC1=CC=CC=C1)[NH3+])=O,O=C([O-])[C@H](CC1=CNC2=C1C=CC=C2)NC([C@H](CC1=CC=CC=C1)[NH3+])=O,OC1=CC=C(C=C1)C[C@@H](C([O-])=O)NC([C@H](CC1=CC=CC=C1)[NH3+])=O,O=C([O-])C[C@@H](C([O-])=O)NC([C@H](CC1=CC=CC=C1)[NH3+])=O,O=C([O-])CC[C@@H](C([O-])=O)NC([C@H](CC1=CC=CC=C1)[NH3+])=O,[NH2+]=C(N)NCCC[C@@H](C([O-])=O)NC([C@H](CC1=CC=CC=C1)[NH3+])=O,O=C([O-])[C@H](CC1=CNC=N1)NC([C@H](CC1=CC=CC=C1)[NH3+])=O,[NH3+]CCCC[C@@H](C([O-])=O)NC([C@H](CC1=CC=CC=C1)[NH3+])=O,OC[C@@H](C([O-])=O)NC([C@H](CC1=CC=CC=C1)[NH3+])=O,C[C@@H](O)[C@@H](C([O-])=O)NC([C@H](CC1=CC=CC=C1)[NH3+])=O,SC[C@@H](C([O-])=O)NC([C@H](CC1=CC=CC=C1)[NH3+])=O,CSCC[C@@H](C([O-])=O)NC([C@H](CC1=CC=CC=C1)[NH3+])=O,O=C(N)C[C@@H](C([O-])=O)NC([C@H](CC1=CC=CC=C1)[NH3+])=O,O=C(N)CC[C@@H](C([O-])=O)NC([C@H](CC1=CC=CC=C1)[NH3+])=O,C[Se]CC[C@@H](C([O-])=O)NC([C@H](CC1=CC=CC=C1)[NH3+])=O,[SeH]C[C@@H](C([O-])=O)NC([C@H](CC1=CC=CC=C1)[NH3+])=O,[NH3+]CCC[C@@H](C([O-])=O)NC([C@H](CC1=CC=CC=C1)[NH3+])=O,O=C([O-])[C@H](CC1=CC=C(OP([O-])(O)=O)C=C1)NC([C@H](CC1=CC=CC=C1)[NH3+])=O,O=C([O-])[C@H](COP([O-])(O)=O)NC([C@H](CC1=CC=CC=C1)[NH3+])=O
C[C@@H](C([O-])=O)NC([C@H](CC1=CNC2=C1C=CC=C2)[NH3+])=O,O=C([O-])CNC([C@H](CC1=CNC2=C1C=CC=C2)[NH3+])=O,CC[C@H](C)[C@@H](C([O-])=O)NC([C@H](CC1=CNC2=C1C=CC=C2)[NH3+])=O,CC(C)C[C@@H](C([O-])=O)NC([C@H](CC1=CNC2=C1C=CC=C2)[NH3+])=O,O=C([O-])[C@H]1N(C([C@H](CC2=CNC3=C2C=CC=C3)[NH3+])=O)CCC1,CC(C)[C@@H](C([O-])=O)NC([C@H](CC1=CNC2=C1C=CC=C2)[NH3+])=O,O=C([O-])[C@H](CC1=CC=CC=C1)NC([C@H](CC1=CNC2=C1C=CC=C2)[NH3+])=O,O=C([O-])[C@H](CC1=CNC2=C1C=CC=C2)NC([C@H](CC1=CNC2=C1C=CC=C2)[NH3+])=O,OC1=CC=C(C=C1)C[C@@H](C([O-])=O)NC([C@H](CC1=CNC2=C1C=CC=C2)[NH3+])=O,O=C([O-])C[C@@H](C([O-])=O)NC([C@H](CC1=CNC2=C1C=CC=C2)[NH3+])=O,O=C([O-])CC[C@@H](C([O-])=O)NC([C@H](CC1=CNC2=C1C=CC=C2)[NH3+])=O,[NH2+]=C(N)NCCC[C@@H](C([O-])=O)NC([C@H](CC1=CNC2=C1C=CC=C2)[NH3+])=O,O=C([O-])[C@H](CC1=CNC=N1)NC([C@H](CC1=CNC2=C1C=CC=C2)[NH3+])=O,[NH3+]CCCC[C@@H](C([O-])=O)NC([C@H](CC1=CNC2=C1C=CC=C2)[NH3+])=O,OC[C@@H](C([O-])=O)NC([C@H](CC1=CNC2=C1C=CC=C2)[NH3+])=O,C[C@@H](O)[C@@H](C([O-])=O)NC([C@H](CC1=CNC2=C1C=CC=C2)[NH3+])=O,SC[C@@H](C([O-])=O)NC([C@H](CC1=CNC2=C1C=CC=C2)[NH3+])=O,CSCC[C@@H](C([O-])=O)NC([C@H](CC1=CNC2=C1C=CC=C2)[NH3+])=O,O=C(N)C[C@@H](C([O-])=O)NC([C@H](CC1=CNC2=C1C=CC=C2)[NH3+])=O,O=C(N)CC[C@@H](C([O-])=O)NC([C@H](CC1=CNC2=C1C=CC=C2)[NH3+])=O,C[Se]CC[C@@H](C([O-])=O)NC([C@H](CC1=CNC2=C1C=CC=C2)[NH3+])=O,[SeH]C[C@@H](C([O-])=O)NC([C@H](CC1=CNC2=C1C=CC=C2)[NH3+])=O,[NH3+]CCC[C@@H](C([O-])=O)NC([C@H](CC1=CNC2=C1C=CC=C2)[NH3+])=O,O=C([O-])[C@H](CC1=CC=C(OP([O-])(O)=O)C=C1)NC([C@H](CC1=CNC2=C1C=CC=C2)[NH3+])=O,O=C([O-])[C@H](COP([O-])(O)=O)NC([C@H](CC1=CNC2=C1C=CC=C2)[NH3+])=O
C[C@@H](C([O-])=O)NC([C@H](CC1=CC=C(O)C=C1)[NH3+])=O,O=C([O-])CNC([C@H](CC1=CC=C(O)C=C1)[NH3+])=O,CC[C@H](C)[C@@H](C([O-])=O)NC([C@H](CC1=CC=C(O)C=C1)[NH3+])=O,CC(C)C[C@@H](C([O-])=O)NC([C@H](CC1=CC=C(O)C=C1)[NH3+])=O,O=C([O-])[C@H]1N(C([C@H](CC2=CC=C(O)C=C2)[NH3+])=O)CCC1,CC(C)[C@@H](C([O-])=O)NC([C@H](CC1=CC=C(O)C=C1)[NH3+])=O,O=C([O-])[C@H](CC1=CC=CC=C1)NC([C@H](CC1=CC=C(O)C=C1)[NH3+])=O,O=C([O-])[C@H](CC1=CNC2=C1C=CC=C2)NC([C@H](CC1=CC=C(O)C=C1)[NH3+])=O,OC1=CC=C(C=C1)C[C@@H](C([O-])=O)NC([C@H](CC1=CC=C(O)C=C1)[NH3+])=O,O=C([O-])C[C@@H](C([O-])=O)NC([C@H](CC1=CC=C(O)C=C1)[NH3+])=O,O=C([O-])CC[C@@H](C([O-])=O)NC([C@H](CC1=CC=C(O)C=C1)[NH3+])=O,[NH2+]=C(N)NCCC[C@@H](C([O-])=O)NC([C@H](CC1=CC=C(O)C=C1)[NH3+])=O,O=C([O-])[C@H](CC1=CNC=N1)NC([C@H](CC1=CC=C(O)C=C1)[NH3+])=O,[NH3+]CCCC[C@@H](C([O-])=O)NC([C@H](CC1=CC=C(O)C=C1)[NH3+])=O,OC[C@@H](C([O-])=O)NC([C@H](CC1=CC=C(O)C=C1)[NH3+])=O,C[C@@H](O)[C@@H](C([O-])=O)NC([C@H](CC1=CC=C(O)C=C1)[NH3+])=O,SC[C@@H](C([O-])=O)NC([C@H](CC1=CC=C(O)C=C1)[NH3+])=O,CSCC[C@@H](C([O-])=O)NC([C@H](CC1=CC=C(O)C=C1)[NH3+])=O,O=C(N)C[C@@H](C([O-])=O)NC([C@H](CC1=CC=C(O)C=C1)[NH3+])=O,O=C(N)CC[C@@H](C([O-])=O)NC([C@H](CC1=CC=C(O)C=C1)[NH3+])=O,C[Se]CC[C@@H](C([O-])=O)NC([C@H](CC1=CC=C(O)C=C1)[NH3+])=O,[SeH]C[C@@H](C([O-])=O)NC([C@H](CC1=CC=C(O)C=C1)[NH3+])=O,[NH3+]CCC[C@@H](C([O-])=O)NC([C@H](CC1=CC=C(O)C=C1)[NH3+])=O,O=C([O-])[C@H](CC1=CC=C(OP([O-])(O)=O)C=C1)NC([C@H](CC1=CC=C(O)C=C1)[NH3+])=O,O=C([O-])[C@H](COP([O-])(O)=O)NC([C@H](CC1=CC=C(O)C=C1)[NH3+])=O
C[C@@H](C([O-])=O)NC([C@H](CC([O-])=O)[NH3+])=O,O=C([O-])CNC([C@H](CC([O-])=O)[NH3+])=O,CC[C@H](C)[C@@H](C([O-])=O)NC([C@H](CC([O-])=O)[NH3+])=O,CC(C)C[C@@H](C([O-])=O)NC([C@H](CC([O-])=O)[NH3+])=O,O=C([O-])[C@H]1N(C([C@H](CC([O-])=O)[NH3+])=O)CCC1,CC(C)[C@@H](C([O-])=O)NC([C@H](CC([O-])=O)[NH3+])=O,O=C([O-])[C@H](CC1=CC=CC=C1)NC([C@H](CC([O-])=O)[NH3+])=O,O=C([O-])[C@H](CC1=CNC2=C1C=CC=C2)NC([C@H](CC([O-])=O)[NH3+])=O,OC1=CC=C(C=C1)C[C@@H](C([O-])=O)NC([C@H](CC([O-])=O)[NH3+])=O,O=C([O-])C[C@@H](C([O-])=O)NC([C@H](CC([O-])=O)[NH3+])=O,O=C([O-])CC[C@@H](C([O-])=O)NC([C@H](CC([O-])=O)[NH3+])=O,[NH2+]=C(N)NCCC[C@@H](C([O-])=O)NC([C@H](CC([O-])=O)[NH3+])=O,O=C([O-])[C@H](CC1=CNC=N1)NC([C@H](CC([O-])=O)[NH3+])=O,[NH3+]CCCC[C@@H](C([O-])=O)NC([C@H](CC([O-])=O)[NH3+])=O,OC[C@@H](C([O-])=O)NC([C@H](CC([O-])=O)[NH3+])=O,C[C@@H](O)[C@@H](C([O-])=O)NC([C@H](CC([O-])=O)[NH3+])=O,SC[C@@H](C([O-])=O)NC([C@H](CC([O-])=O)[NH3+])=O,CSCC[C@@H](C([O-])=O)NC([C@H](CC([O-])=O)[NH3+])=O,O=C(N)C[C@@H](C([O-])=O)NC([C@H](CC([O-])=O)[NH3+])=O,O=C(N)CC[C@@H](C([O-])=O)NC([C@H](CC([O-])=O)[NH3+])=O,C[Se]CC[C@@H](C([O-])=O)NC([C@H](CC([O-])=O)[NH3+])=O,[SeH]C[C@@H](C([O-])=O)NC([C@H](CC([O-])=O)[NH3+])=O,[NH3+]CCC[C@@H](C([O-])=O)NC([C@H](CC([O-])=O)[NH3+])=O,O=C([O-])[C@H](CC1=CC=C(OP([O-])(O)=O)C=C1)NC([C@H](CC([O-])=O)[NH3+])=O,O=C([O-])[C@H](COP([O-])(O)=O)NC([C@H](CC([O-])=O)[NH3+])=O
C[C@@H](C([O-])=O)NC([C@H](CCC([O-])=O)[NH3+])=O,O=C([O-])CNC([C@H](CCC([O-])=O)[NH3+])=O,CC[C@H](C)[C@@H](C([O-])=O)NC([C@H](CCC([O-])=O)[NH3+])=O,CC(C)C[C@@H](C([O-])=O)NC([C@H](CCC([O-])=O)[NH3+])=O,O=C([O-])[C@H]1N(C([C@H](CCC([O-])=O)[NH3+])=O)CCC1,CC(C)[C@@H](C([O-])=O)NC([C@H](CCC([O-])=O)[NH3+])=O,O=C([O-])[C@H](CC1=CC=CC=C1)NC([C@H](CCC([O-])=O)[NH3+])=O,O=C([O-])[C@H](CC1=CNC2=C1C=CC=C2)NC([C@H](CCC([O-])=O)[NH3+])=O,OC1=CC=C(C=C1)C[C@@H](C([O-])=O)NC([C@H](CCC([O-])=O)[NH3+])=O,O=C([O-])C[C@@H](C([O-])=O)NC([C@H](CCC([O-])=O)[NH3+])=O,O=C([O-])CC[C@@H](C([O-])=O)NC([C@H](CCC([O-])=O)[NH3+])=O,[NH2+]=C(N)NCCC[C@@H](C([O-])=O)NC([C@H](CCC([O-])=O)[NH3+])=O,O=C([O-])[C@H](CC1=CNC=N1)NC([C@H](CCC([O-])=O)[NH3+])=O,[NH3+]CCCC[C@@H](C([O-])=O)NC([C@H](CCC([O-])=O)[NH3+])=O,OC[C@@H](C([O-])=O)NC([C@H](CCC([O-])=O)[NH3+])=O,C[C@@H](O)[C@@H](C([O-])=O)NC([C@H](CCC([O-])=O)[NH3+])=O,SC[C@@H](C([O-])=O)NC([C@H](CCC([O-])=O)[NH3+])=O,CSCC[C@@H](C([O-])=O)NC([C@H](CCC([O-])=O)[NH3+])=O,O=C(N)C[C@@H](C([O-])=O)NC([C@H](CCC([O-])=O)[NH3+])=O,O=C(N)CC[C@@H](C([O-])=O)NC([C@H](CCC([O-])=O)[NH3+])=O,C[Se]CC[C@@H](C([O-])=O)NC([C@H](CCC([O-])=O)[NH3+])=O,[SeH]C[C@@H](C([O-])=O)NC([C@H](CCC([O-])=O)[NH3+])=O,[NH3+]CCC[C@@H](C([O-])=O)NC([C@H](CCC([O-])=O)[NH3+])=O,O=C([O-])[C@H](CC1=CC=C(OP([O-])(O)=O)C=C1)NC([C@H](CCC([O-])=O)[NH3+])=O,O=C([O-])[C@H](COP([O-])(O)=O)NC([C@H](CCC([O-])=O)[NH3+])=O
C[C@@H](C([O-])=O)NC([C@H](CCCNC(N)=[NH2+])[NH3+])=O,O=C([O-])CNC([C@H](CCCNC(N)=[NH2+])[NH3+])=O,CC[C@H](C)[C@@H](C([O-])=O)NC([C@H](CCCNC(N)=[NH2+])[NH3+])=O,CC(C)C[C@@H](C([O-])=O)NC([C@H](CCCNC(N)=[NH2+])[NH3+])=O,O=C([O-])[C@H]1N(C([C@H](CCCNC(N)=[NH2+])[NH3+])=O)CCC1,CC(C)[C@@H](C([O-])=O)NCC[C@@H](C([O-])=O)NC([C@H](CCCNC(N)=[NH2+])[NH3+])=O,O=C([O-])[C@H](CC1=CC=CC=C1)NCC[C@@H](C([O-])=O)NC([C@H](CCCNC(N)=[NH2+])[NH3+])=O,O=C([O-])[C@H](CC1=CNC2=C1C=CC=C2)NCC[C@@H](C([O-])=O)NC([C@H](CCCNC(N)=[NH2+])[NH3+])=O,OC1=CC=C(C=C1)C[C@@H](C([O-])=O)NCC[C@@H](C([O-])=O)NC([C@H](CCCNC(N)=[NH2+])[NH3+])=O,O=C([O-])C[C@@H](C([O-])=O)NCC[C@@H](C([O-])=O)NC([C@H](CCCNC(N)=[NH2+])[NH3+])=O,O=C([O-])CC[C@@H](C([O-])=O)NCC[C@@H](C([O-])=O)NC([C@H](CCCNC(N)=[NH2+])[NH3+])=O,[NH2+]=C(N)NCCC[C@@H](C([O-])=O)NCC[C@@H](C([O-])=O)NC([C@H](CCCNC(N)=[NH2+])[NH3+])=O,O=C([O-])[C@H](CC1=CNC=N1)NCC[C@@H](C([O-])=O)NC([C@H](CCCNC(N)=[NH2+])[NH3+])=O,[NH3+]CCCC[C@@H](C([O-])=O)NCC[C@@H](C([O-])=O)NC([C@H](CCCNC(N)=[NH2+])[NH3+])=O,OC[C@@H](C([O-])=O)NCC[C@@H](C([O-])=O)NC([C@H](CCCNC(N)=[NH2+])[NH3+])=O,C[C@@H](O)[C@@H](C([O-])=O)NCC[C@@H](C([O-])=O)NC([C@H](CCCNC(N)=[NH2+])[NH3+])=O,SC[C@@H](C([O-])=O)NCC[C@@H](C([O-])=O)NC([C@H](CCCNC(N)=[NH2+])[NH3+])=O,CSCC[C@@H](C([O-])=O)NCC[C@@H](C([O-])=O)NC([C@H](CCCNC(N)=[NH2+])[NH3+])=O,O=C(N)C[C@@H](C([O-])=O)NCC[C@@H](C([O-])=O)NC([C@H](CCCNC(N)=[NH2+])[NH3+])=O,O=C(N)CC[C@@H](C([O-])=O)NCC[C@@H](C([O-])=O)NC([C@H](CCCNC(N)=[NH2+])[NH3+])=O,C[Se]CC[C@@H](C([O-])=O)NCC[C@@H](C([O-])=O)NC([C@H](CCCNC(N)=[NH2+])[NH3+])=O,[SeH]C[C@@H](C([O-])=O)NCC[C@@H](C([O-])=O)NC([C@H](CCCNC(N)=[NH2+])[NH3+])=O,[NH3+]CCC[C@@H](C([O-])=O)NCC[C@@H](C([O-])=O)NC([C@H](CCCNC(N)=[NH2+])[NH3+])=O,O=C([O-])[C@H](CC1=CC=C(OP([O-])(O)=O)C=C1)NCC[C@@H](C([O-])=O)NC([C@H](CCCNC(N)=[NH2+])[NH3+])=O,O=C([O-])[C@H](COP([O-])(O)=O)NCC[C@@H](C([O-])=O)NC([C@H](CCCNC(N)=[NH2+])[NH3+])=O
C[C@@H](C([O-])=O)NC([C@H](CC1=CNC=N1)[NH3+])=O,O=C([O-])CNC([C@H](CC1=CNC=N1)[NH3+])=O,CC[C@H](C)[C@@H](C([O-])=O)NC([C@H](CC1=CNC=N1)[NH3+])=O,CC(C)C[C@@H](C([O-])=O)NC([C@H](CC1=CNC=N1)[NH3+])=O,O=C([O-])[C@H]1N(C([C@H](CC2=CNC=N2)[NH3+])=O)CCC1,CC(C)[C@@H](C([O-])=O)NC([C@H](CC1=CNC=N1)[NH3+])=O,O=C([O-])[C@H](CC1=CC=CC=C1)NC([C@H](CC1=CNC=N1)[NH3+])=O,O=C([O-])[C@H](CC1=CNC2=C1C=CC=C2)NC([C@H](CC1=CNC=N1)[NH3+])=O,OC1=CC=C(C=C1)C[C@@H](C([O-])=O)NC([C@H](CC1=CNC=N1)[NH3+])=O,O=C([O-])C[C@@H](C([O-])=O)NC([C@H](CC1=CNC=N1)[NH3+])=O,O=C([O-])CC[C@@H](C([O-])=O)NC([C@H](CC1=CNC=N1)[NH3+])=O,[NH2+]=C(N)NCCC[C@@H](C([O-])=O)NC([C@H](CC1=CNC=N1)[NH3+])=O,O=C([O-])[C@H](CC1=CNC=N1)NC([C@H](CC1=CNC=N1)[NH3+])=O,[NH3+]CCCC[C@@H](C([O-])=O)NC([C@H](CC1=CNC=N1)[NH3+])=O,OC[C@@H](C([O-])=O)NC([C@H](CC1=CNC=N1)[NH3+])=O,C[C@@H](O)[C@@H](C([O-])=O)NC([C@H](CC1=CNC=N1)[NH3+])=O,SC[C@@H](C([O-])=O)NC([C@H](CC1=CNC=N1)[NH3+])=O,CSCC[C@@H](C([O-])=O)NC([C@H](CC1=CNC=N1)[NH3+])=O,O=C(N)C[C@@H](C([O-])=O)NC([C@H](CC1=CNC=N1)[NH3+])=O,O=C(N)CC[C@@H](C([O-])=O)NC([C@H](CC1=CNC=N1)[NH3+])=O,C[Se]CC[C@@H](C([O-])=O)NC([C@H](CC1=CNC=N1)[NH3+])=O,[SeH]C[C@@H](C([O-])=O)NC([C@H](CC1=CNC=N1)[NH3+])=O,[NH3+]CCC[C@@H](C([O-])=O)NC([C@H](CC1=CNC=N1)[NH3+])=O,O=C([O-])[C@H](CC1=CC=C(OP([O-])(O)=O)C=C1)NC([C@H](CC1=CNC=N1)[NH3+])=O,O=C([O-])[C@H](COP([O-])(O)=O)NC([C@H](CC1=CNC=N1)[NH3+])=O
C[C@@H](C([O-])=O)NC([C@H](CCCC[NH3+])[NH3+])=O,O=C([O-])CNC([C@H](CCCC[NH3+])[NH3+])=O,CC[C@H](C)[C@@H](C([O-])=O)NC([C@H](CCCC[NH3+])[NH3+])=O,CC(C)C[C@@H](C([O-])=O)NC([C@H](CCCC[NH3+])[NH3+])=O,O=C([O-])[C@H]1N(C([C@H](CCCC[NH3+])[NH3+])=O)CCC1,CC(C)[C@@H](C([O-])=O)NC([C@H](CCCC[NH3+])[NH3+])=O,O=C([O-])[C@H](CC1=CC=CC=C1)NC([C@H](CCCC[NH3+])[NH3+])=O,O=C([O-])[C@H](CC1=CNC2=C1C=CC=C2)NC([C@H](CCCC[NH3+])[NH3+])=O,OC1=CC=C(C=C1)C[C@@H](C([O-])=O)NC([C@H](CCCC[NH3+])[NH3+])=O,O=C([O-])C[C@@H](C([O-])=O)NC([C@H](CCCC[NH3+])[NH3+])=O,O=C([O-])CC[C@@H](C([O-])=O)NC([C@H](CCCC[NH3+])[NH3+])=O,[NH2+]=C(N)NCCC[C@@H](C([O-])=O)NC([C@H](CCCC[NH3+])[NH3+])=O,O=C([O-])[C@H](CC1=CNC=N1)NC([C@H](CCCC[NH3+])[NH3+])=O,[NH3+]CCCC[C@@H](C([O-])=O)NC([C@H](CCCC[NH3+])[NH3+])=O,OC[C@@H](C([O-])=O)NC([C@H](CCCC[NH3+])[NH3+])=O,C[C@@H](O)[C@@H](C([O-])=O)NC([C@H](CCCC[NH3+])[NH3+])=O,SC[C@@H](C([O-])=O)NC([C@H](CCCC[NH3+])[NH3+])=O,CSCC[C@@H](C([O-])=O)NC([C@H](CCCC[NH3+])[NH3+])=O,O=C(N)C[C@@H](C([O-])=O)NC([C@H](CCCC[NH3+])[NH3+])=O,O=C(N)CC[C@@H](C([O-])=O)NC([C@H](CCCC[NH3+])[NH3+])=O,C[Se]CC[C@@H](C([O-])=O)NC([C@H](CCCC[NH3+])[NH3+])=O,[SeH]C[C@@H](C([O-])=O)NC([C@H](CCCC[NH3+])[NH3+])=O,[NH3+]CCC[C@@H](C([O-])=O)NC([C@H](CCCC[NH3+])[NH3+])=O,O=C([O-])[C@H](CC1=CC=C(OP([O-])(O)=O)C=C1)NC([C@H](CCCC[NH3+])[NH3+])=O,O=C([O-])[C@H](COP([O-])(O)=O)NC([C@H](CCCC[NH3+])[NH3+])=O
C[C@@H](C([O-])=O)NC([C@H](CO)[NH3+])=O,O=C([O-])CNC([C@H](CO)[NH3+])=O,CC[C@H](C)[C@@H](C([O-])=O)NC([C@H](CO)[NH3+])=O,CC(C)C[C@@H](C([O-])=O)NC([C@H](CO)[NH3+])=O,O=C([O-])[C@H]1N(C([C@H](C[O-])[NH3+])=O)CCC1,CC(C)[C@@H](C([O-])=O)NC([C@H](CO)[NH3+])=O,O=C([O-])[C@H](CC1=CC=CC=C1)NC([C@H](CO)[NH3+])=O,O=C([O-])[C@H](CC1=CNC2=C1C=CC=C2)NC([C@H](CO)[NH3+])=O,OC1=CC=C(C=C1)C[C@@H](C([O-])=O)NC([C@H](CO)[NH3+])=O,O=C([O-])C[C@@H](C([O-])=O)NC([C@H](CO)[NH3+])=O,O=C([O-])CC[C@@H](C([O-])=O)NC([C@H](CO)[NH3+])=O,[NH2+]=C(N)NCCC[C@@H](C([O-])=O)NC([C@H](CO)[NH3+])=O,O=C([O-])[C@H](CC1=CNC=N1)NC([C@H](CO)[NH3+])=O,[NH3+]CCCC[C@@H](C([O-])=O)NC([C@H](CO)[NH3+])=O,OC[C@@H](C([O-])=O)NC([C@H](CO)[NH3+])=O,C[C@@H](O)[C@@H](C([O-])=O)NC([C@H](CO)[NH3+])=O,SC[C@@H](C([O-])=O)NC([C@H](CO)[NH3+])=O,CSCC[C@@H](C([O-])=O)NC([C@H](CO)[NH3+])=O,O=C(N)C[C@@H](C([O-])=O)NC([C@H](CO)[NH3+])=O,O=C(N)CC[C@@H](C([O-])=O)NC([C@H](CO)[NH3+])=O,C[Se]CC[C@@H](C([O-])=O)NC([C@H](CO)[NH3+])=O,[SeH]C[C@@H](C([O-])=O)NC([C@H](CO)[NH3+])=O,[NH3+]CCC[C@@H](C([O-])=O)NC([C@H](CO)[NH3+])=O,O=C([O-])[C@H](CC1=CC=C(OP([O-])(O)=O)C=C1)NC([C@H](CO)[NH3+])=O,O=C([O-])[C@H](COP([O-])(O)=O)NC([C@H](CO)[NH3+])=O
C[C@@H](C([O-])=O)NC([C@H]([C@H](O)C)[NH3+])=O,O=C([O-])CNC([C@H]([C@H](O)C)[NH3+])=O,CC[C@H](C)[C@@H](C([O-])=O)NC([C@H]([C@H](O)C)[NH3+])=O,CC(C)C[C@@H](C([O-])=O)NC([C@H]([C@H](O)C)[NH3+])=O,O=C([O-])[C@H]1N(C([C@H]([C@H](O)C)[NH3+])=O)CCC1,CC(C)[C@@H](C([O-])=O)NC([C@H]([C@H](O)C)[NH3+])=O,O=C([O-])[C@H](CC1=CC=CC=C1)NC([C@H]([C@H](O)C)[NH3+])=O,O=C([O-])[C@H](CC1=CNC2=C1C=CC=C2)NC([C@H]([C@H](O)C)[NH3+])=O,OC1=CC=C(C=C1)C[C@@H](C([O-])=O)NC([C@H]([C@H](O)C)[NH3+])=O,O=C([O-])C[C@@H](C([O-])=O)NC([C@H]([C@H](O)C)[NH3+])=O,O=C([O-])CC[C@@H](C([O-])=O)NC([C@H]([C@H](O)C)[NH3+])=O,[NH2+]=C(N)NCCC[C@@H](C([O-])=O)NC([C@H]([C@H](O)C)[NH3+])=O,O=C([O-])[C@H](CC1=CNC=N1)NC([C@H]([C@H](O)C)[NH3+])=O,[NH3+]CCCC[C@@H](C([O-])=O)NC([C@H]([C@H](O)C)[NH3+])=O,OC[C@@H](C([O-])=O)NC([C@H]([C@H](O)C)[NH3+])=O,C[C@@H](O)[C@@H](C([O-])=O)NC([C@H]([C@H](O)C)[NH3+])=O,SC[C@@H](C([O-])=O)NC([C@H]([C@H](O)C)[NH3+])=O,CSCC[C@@H](C([O-])=O)NC([C@H]([C@H](O)C)[NH3+])=O,O=C(N)C[C@@H](C([O-])=O)NC([C@H]([C@H](O)C)[NH3+])=O,O=C(N)CC[C@@H](C([O-])=O)NC([C@H]([C@H](O)C)[NH3+])=O,C[Se]CC[C@@H](C([O-])=O)NC([C@H]([C@H](O)C)[NH3+])=O,[SeH]C[C@@H](C([O-])=O)NC([C@H]([C@H](O)C)[NH3+])=O,[NH3+]CCC[C@@H](C([O-])=O)NC([C@H]([C@H](O)C)[NH3+])=O,O=C([O-])[C@H](CC1=CC=C(OP([O-])(O)=O)C=C1)NC([C@H]([C@H](O)C)[NH3+])=O,O=C([O-])[C@H](COP([O-])(O)=O)NC([C@H]([C@H](O)C)[NH3+])=O
C[C@@H](C([O-])=O)NC([C@H](CS)[NH3+])=O,O=C([O-])CNC([C@H](CS)[NH3+])=O,CC[C@H](C)[C@@H](C([O-])=O)NC([C@H](CS)[NH3+])=O,CC(C)C[C@@H](C([O-])=O)NC([C@H](CS)[NH3+])=O,O=C([O-])[C@H]1N(C([C@H](CS)[NH3+])=O)CCC1,CC(C)[C@@H](C([O-])=O)NC([C@H](CS)[NH3+])=O,O=C([O-])[C@H](CC1=CC=CC=C1)NC([C@H](CS)[NH3+])=O,O=C([O-])[C@H](CC1=CNC2=C1C=CC=C2)NC([C@H](CS)[NH3+])=O,OC1=CC=C(C=C1)C[C@@H](C([O-])=O)NC([C@H](CS)[NH3+])=O,O=C([O-])C[C@@H](C([O-])=O)NC([C@H](CS)[NH3+])=O,O=C([O-])CC[C@@H](C([O-])=O)NC([C@H](CS)[NH3+])=O,[NH2+]=C(N)NCCC[C@@H](C([O-])=O)NC([C@H](CS)[NH3+])=O,O=C([O-])[C@H](CC1=CNC=N1)NC([C@H](CS)[NH3+])=O,[NH3+]CCCC[C@@H](C([O-])=O)NC([C@H](CS)[NH3+])=O,OC[C@@H](C([O-])=O)NC([C@H](CS)[NH3+])=O,C[C@@H](O)[C@@H](C([O-])=O)NC([C@H](CS)[NH3+])=O,SC[C@@H](C([O-])=O)NC([C@H](CS)[NH3+])=O,CSCC[C@@H](C([O-])=O)NC([C@H](CS)[NH3+])=O,O=C(N)C[C@@H](C([O-])=O)NC([C@H](CS)[NH3+])=O,O=C(N)CC[C@@H](C([O-])=O)NC([C@H](CS)[NH3+])=O,C[Se]CC[C@@H](C([O-])=O)NC([C@H](CS)[NH3+])=O,[SeH]C[C@@H](C([O-])=O)NC([C@H](CS)[NH3+])=O,[NH3+]CCC[C@@H](C([O-])=O)NC([C@H](CS)[NH3+])=O,O=C([O-])[C@H](CC1=CC=C(OP([O-])(O)=O)C=C1)NC([C@H](CS)[NH3+])=O,O=C([O-])[C@H](COP([O-])(O)=O)NC([C@H](CS)[NH3+])=O
C[C@@H](C([O-])=O)NC([C@H](CCSC)[NH3+])=O,O=C([O-])CNC([C@H](CCSC)[NH3+])=O,CC[C@H](C)[C@@H](C([O-])=O)NC([C@H](CCSC)[NH3+])=O,CC(C)C[C@@H](C([O-])=O)NC([C@H](CCSC)[NH3+])=O,O=C([O-])[C@H]1N(C([C@H](CCSC)[NH3+])=O)CCC1,CC(C)[C@@H](C([O-])=O)NC([C@H](CCSC)[NH3+])=O,O=C([O-])[C@H](CC1=CC=CC=C1)NC([C@H](CCSC)[NH3+])=O,O=C([O-])[C@H](CC1=CNC2=C1C=CC=C2)NC([C@H](CCSC)[NH3+])=O,OC1=CC=C(C=C1)C[C@@H](C([O-])=O)NC([C@H](CCSC)[NH3+])=O,O=C([O-])C[C@@H](C([O-])=O)NC([C@H](CCSC)[NH3+])=O,O=C([O-])CC[C@@H](C([O-])=O)NC([C@H](CCSC)[NH3+])=O,[NH2+]=C(N)NCCC[C@@H](C([O-])=O)NC([C@H](CCSC)[NH3+])=O,O=C([O-])[C@H](CC1=CNC=N1)NC([C@H](CCSC)[NH3+])=O,[NH3+]CCCC[C@@H](C([O-])=O)NC([C@H](CCSC)[NH3+])=O,OC[C@@H](C([O-])=O)NC([C@H](CCSC)[NH3+])=O,C[C@@H](O)[C@@H](C([O-])=O)NC([C@H](CCSC)[NH3+])=O,SC[C@@H](C([O-])=O)NC([C@H](CCSC)[NH3+])=O,CSCC[C@@H](C([O-])=O)NC([C@H](CCSC)[NH3+])=O,O=C(N)C[C@@H](C([O-])=O)NC([C@H](CCSC)[NH3+])=O,O=C(N)CC[C@@H](C([O-])=O)NC([C@H](CCSC)[NH3+])=O,C[Se]CC[C@@H](C([O-])=O)NC([C@H](CCSC)[NH3+])=O,[SeH]C[C@@H](C([O-])=O)NC([C@H](CCSC)[NH3+])=O,[NH3+]CCC[C@@H](C([O-])=O)NC([C@H](CCSC)[NH3+])=O,O=C([O-])[C@H](CC1=CC=C(OP([O-])(O)=O)C=C1)NC([C@H](CCSC)[NH3+])=O,O=C([O-])[C@H](COP([O-])(O)=O)NC([C@H](CCSC)[NH3+])=O
C[C@@H](C([O-])=O)NC([C@H](CC(N)=O)[NH3+])=O,O=C([O-])CNC([C@H](CC(N)=O)[NH3+])=O,CC[C@H](C)[C@@H](C([O-])=O)NC([C@H](CC(N)=O)[NH3+])=O,CC(C)C[C@@H](C([O-])=O)NC([C@H](CC(N)=O)[NH3+])=O,O=C([O-])[C@H]1N(C([C@H](CC(N)=O)[NH3+])=O)CCC1,CC(C)[C@@H](C([O-])=O)NC([C@H](CC(N)=O)[NH3+])=O,O=C([O-])[C@H](CC1=CC=CC=C1)NC([C@H](CC(N)=O)[NH3+])=O,O=C([O-])[C@H](CC1=CNC2=C1C=CC=C2)NC([C@H](CC(N)=O)[NH3+])=O,OC1=CC=C(C=C1)C[C@@H](C([O-])=O)NC([C@H](CC(N)=O)[NH3+])=O,O=C([O-])C[C@@H](C([O-])=O)NC([C@H](CC(N)=O)[NH3+])=O,O=C([O-])CC[C@@H](C([O-])=O)NC([C@H](CC(N)=O)[NH3+])=O,[NH2+]=C(N)NCCC[C@@H](C([O-])=O)NC([C@H](CC(N)=O)[NH3+])=O,O=C([O-])[C@H](CC1=CNC=N1)NC([C@H](CC(N)=O)[NH3+])=O,[NH3+]CCCC[C@@H](C([O-])=O)NC([C@H](CC(N)=O)[NH3+])=O,OC[C@@H](C([O-])=O)NC([C@H](CC(N)=O)[NH3+])=O,C[C@@H](O)[C@@H](C([O-])=O)NC([C@H](CC(N)=O)[NH3+])=O,SC[C@@H](C([O-])=O)NC([C@H](CC(N)=O)[NH3+])=O,CSCC[C@@H](C([O-])=O)NC([C@H](CC(N)=O)[NH3+])=O,O=C(N)C[C@@H](C([O-])=O)NC([C@H](CC(N)=O)[NH3+])=O,O=C(N)CC[C@@H](C([O-])=O)NC([C@H](CC(N)=O)[NH3+])=O,C[Se]CC[C@@H](C([O-])=O)NC([C@H](CC(N)=O)[NH3+])=O,[SeH]C[C@@H](C([O-])=O)NC([C@H](CC(N)=O)[NH3+])=O,[NH3+]CCC[C@@H](C([O-])=O)NC([C@H](CC(N)=O)[NH3+])=O,O=C([O-])[C@H](CC1=CC=C(OP([O-])(O)=O)C=C1)NC([C@H](CC(N)=O)[NH3+])=O,O=C([O-])[C@H](COP([O-])(O)=O)NC([C@H](CC(N)=O)[NH3+])=O
C[C@@H](C([O-])=O)NC([C@H](CCC(N)=O)[NH3+])=O,O=C([O-])CNC([C@H](CCC(N)=O)[NH3+])=O,CC[C@H](C)[C@@H](C([O-])=O)NC([C@H](CCC(N)=O)[NH3+])=O,CC(C)C[C@@H](C([O-])=O)NC([C@H](CCC(N)=O)[NH3+])=O,O=C([O-])[C@H]1N(C([C@H](CCC(N)=O)[NH3+])=O)CCC1,CC(C)[C@@H](C([O-])=O)NC([C@H](CCC(N)=O)[NH3+])=O,O=C([O-])[C@H](CC1=CC=CC=C1)NC([C@H](CCC(N)=O)[NH3+])=O,O=C([O-])[C@H](CC1=CNC2=C1C=CC=C2)NC([C@H](CCC(N)=O)[NH3+])=O,OC1=CC=C(C=C1)C[C@@H](C([O-])=O)NC([C@H](CCC(N)=O)[NH3+])=O,O=C([O-])C[C@@H](C([O-])=O)NC([C@H](CCC(N)=O)[NH3+])=O,O=C([O-])CC[C@@H](C([O-])=O)NC([C@H](CCC(N)=O)[NH3+])=O,[NH2+]=C(N)NCCC[C@@H](C([O-])=O)NC([C@H](CCC(N)=O)[NH3+])=O,O=C([O-])[C@H](CC1=CNC=N1)NC([C@H](CCC(N)=O)[NH3+])=O,[NH3+]CCCC[C@@H](C([O-])=O)NC([C@H](CCC(N)=O)[NH3+])=O,OC[C@@H](C([O-])=O)NC([C@H](CCC(N)=O)[NH3+])=O,C[C@@H](O)[C@@H](C([O-])=O)NC([C@H](CCC(N)=O)[NH3+])=O,SC[C@@H](C([O-])=O)NC([C@H](CCC(N)=O)[NH3+])=O,CSCC[C@@H](C([O-])=O)NC([C@H](CCC(N)=O)[NH3+])=O,O=C(N)C[C@@H](C([O-])=O)NC([C@H](CCC(N)=O)[NH3+])=O,O=C(N)CC[C@@H](C([O-])=O)NC([C@H](CCC(N)=O)[NH3+])=O,C[Se]CC[C@@H](C([O-])=O)NC([C@H](CCC(N)=O)[NH3+])=O,[SeH]C[C@@H](C([O-])=O)NC([C@H](CCC(N)=O)[NH3+])=O,[NH3+]CCC[C@@H](C([O-])=O)NC([C@H](CCC(N)=O)[NH3+])=O,O=C([O-])[C@H](CC1=CC=C(OP([O-])(O)=O)C=C1)NC([C@H](CCC(N)=O)[NH3+])=O,O=C([O-])[C@H](COP([O-])(O)=O)NC([C@H](CCC(N)=O)[NH3+])=O
C[C@@H](C([O-])=O)NC([C@H](CC[Se]C)[NH3+])=O,O=C([O-])CNC([C@H](CC[Se]C)[NH3+])=O,CC[C@H](C)[C@@H](C([O-])=O)NC([C@H](CC[Se]C)[NH3+])=O,CC(C)C[C@@H](C([O-])=O)NC([C@H](CC[Se]C)[NH3+])=O,O=C([O-])[C@H]1N(C([C@H](CC[Se]C)[NH3+])=O)CCC1,CC(C)[C@@H](C([O-])=O)NC([C@H](CC[Se]C)[NH3+])=O,O=C([O-])[C@H](CC1=CC=CC=C1)NC([C@H](CC[Se]C)[NH3+])=O,O=C([O-])[C@H](CC1=CNC2=C1C=CC=C2)NC([C@H](CC[Se]C)[NH3+])=O,OC1=CC=C(C=C1)C[C@@H](C([O-])=O)NC([C@H](CC[Se]C)[NH3+])=O,O=C([O-])C[C@@H](C([O-])=O)NC([C@H](CC[Se]C)[NH3+])=O,O=C([O-])CC[C@@H](C([O-])=O)NC([C@H](CC[Se]C)[NH3+])=O,[NH2+]=C(N)NCCC[C@@H](C([O-])=O)NC([C@H](CC[Se]C)[NH3+])=O,O=C([O-])[C@H](CC1=CNC=N1)NC([C@H](CC[Se]C)[NH3+])=O,[NH3+]CCCC[C@@H](C([O-])=O)NC([C@H](CC[Se]C)[NH3+])=O,OC[C@@H](C([O-])=O)NC([C@H](CC[Se]C)[NH3+])=O,C[C@@H](O)[C@@H](C([O-])=O)NC([C@H](CC[Se]C)[NH3+])=O,SC[C@@H](C([O-])=O)NC([C@H](CC[Se]C)[NH3+])=O,CSCC[C@@H](C([O-])=O)NC([C@H](CC[Se]C)[NH3+])=O,O=C(N)C[C@@H](C([O-])=O)NC([C@H](CC[Se]C)[NH3+])=O,O=C(N)CC[C@@H](C([O-])=O)NC([C@H](CC[Se]C)[NH3+])=O,C[Se]CC[C@@H](C([O-])=O)NC([C@H](CC[Se]C)[NH3+])=O,[SeH]C[C@@H](C([O-])=O)NC([C@H](CC[Se]C)[NH3+])=O,[NH3+]CCC[C@@H](C([O-])=O)NC([C@H](CC[Se]C)[NH3+])=O,O=C([O-])[C@H](CC1=CC=C(OP([O-])(O)=O)C=C1)NC([C@H](CC[Se]C)[NH3+])=O,O=C([O-])[C@H](COP([O-])(O)=O)NC([C@H](CC[Se]C)[NH3+])=O
C[C@@H](C([O-])=O)NC([C@H](C[SeH])[NH3+])=O,O=C([O-])CNC([C@H](C[SeH])[NH3+])=O,CC[C@H](C)[C@@H](C([O-])=O)NC([C@H](C[SeH])[NH3+])=O,CC(C)C[C@@H](C([O-])=O)NC([C@H](C[SeH])[NH3+])=O,O=C([O-])[C@H]1N(C([C@H](C[SeH])[NH3+])=O)CCC1,CC(C)[C@@H](C([O-])=O)NC([C@H](C[SeH])[NH3+])=O,O=C([O-])[C@H](CC1=CC=CC=C1)NC([C@H](C[SeH])[NH3+])=O,O=C([O-])[C@H](CC1=CNC2=C1C=CC=C2)NC([C@H](C[SeH])[NH3+])=O,OC1=CC=C(C=C1)C[C@@H](C([O-])=O)NC([C@H](C[SeH])[NH3+])=O,O=C([O-])C[C@@H](C([O-])=O)NC([C@H](C[SeH])[NH3+])=O,O=C([O-])CC[C@@H](C([O-])=O)NC([C@H](C[SeH])[NH3+])=O,[NH2+]=C(N)NCCC[C@@H](C([O-])=O)NC([C@H](C[SeH])[NH3+])=O,O=C([O-])[C@H](CC1=CNC=N1)NC([C@H](C[SeH])[NH3+])=O,[NH3+]CCCC[C@@H](C([O-])=O)NC([C@H](C[SeH])[NH3+])=O,OC[C@@H](C([O-])=O)NC([C@H](C[SeH])[NH3+])=O,C[C@@H](O)[C@@H](C([O-])=O)NC([C@H](C[SeH])[NH3+])=O,SC[C@@H](C([O-])=O)NC([C@H](C[SeH])[NH3+])=O,CSCC[C@@H](C([O-])=O)NC([C@H](C[SeH])[NH3+])=O,O=C(N)C[C@@H](C([O-])=O)NC([C@H](C[SeH])[NH3+])=O,O=C(N)CC[C@@H](C([O-])=O)NC([C@H](C[SeH])[NH3+])=O,C[Se]CC[C@@H](C([O-])=O)NC([C@H](C[SeH])[NH3+])=O,[SeH]C[C@@H](C([O-])=O)NC([C@H](C[SeH])[NH3+])=O,[NH3+]CCC[C@@H](C([O-])=O)NC([C@H](C[SeH])[NH3+])=O,O=C([O-])[C@H](CC1=CC=C(OP([O-])(O)=O)C=C1)NC([C@H](C[SeH])[NH3+])=O,O=C([O-])[C@H](COP([O-])(O)=O)NC([C@H](C[SeH])[NH3+])=O
C[C@@H](C([O-])=O)NC([C@H](CCC[NH3+])[NH3+])=O,O=C([O-])CNC([C@H](CCC[NH3+])[NH3+])=O,CC[C@H](C)[C@@H](C([O-])=O)NC([C@H](CCC[NH3+])[NH3+])=O,CC(C)C[C@@H](C([O-])=O)NC([C@H](CCC[NH3+])[NH3+])=O,O=C([O-])[C@H]1N(C([C@H](CCC[NH3+])[NH3+])=O)CCC1,CC(C)[C@@H](C([O-])=O)NC([C@H](CCC[NH3+])[NH3+])=O,O=C([O-])[C@H](CC1=CC=CC=C1)NC([C@H](CCC[NH3+])[NH3+])=O,O=C([O-])[C@H](CC1=CNC2=C1C=CC=C2)NC([C@H](CCC[NH3+])[NH3+])=O,OC1=CC=C(C=C1)C[C@@H](C([O-])=O)NC([C@H](CCC[NH3+])[NH3+])=O,O=C([O-])C[C@@H](C([O-])=O)NC([C@H](CCC[NH3+])[NH3+])=O,O=C([O-])CC[C@@H](C([O-])=O)NC([C@H](CCC[NH3+])[NH3+])=O,[NH2+]=C(N)NCCC[C@@H](C([O-])=O)NC([C@H](CCC[NH3+])[NH3+])=O,O=C([O-])[C@H](CC1=CNC=N1)NC([C@H](CCC[NH3+])[NH3+])=O,[NH3+]CCCC[C@@H](C([O-])=O)NC([C@H](CCC[NH3+])[NH3+])=O,OC[C@@H](C([O-])=O)NC([C@H](CCC[NH3+])[NH3+])=O,C[C@@H](O)[C@@H](C([O-])=O)NC([C@H](CCC[NH3+])[NH3+])=O,SC[C@@H](C([O-])=O)NC([C@H](CCC[NH3+])[NH3+])=O,CSCC[C@@H](C([O-])=O)NC([C@H](CCC[NH3+])[NH3+])=O,O=C(N)C[C@@H](C([O-])=O)NC([C@H](CCC[NH3+])[NH3+])=O,O=C(N)CC[C@@H](C([O-])=O)NC([C@H](CCC[NH3+])[NH3+])=O,C[Se]CC[C@@H](C([O-])=O)NC([C@H](CCC[NH3+])[NH3+])=O,[SeH]C[C@@H](C([O-])=O)NC([C@H](CCC[NH3+])[NH3+])=O,[NH3+]CCC[C@@H](C([O-])=O)NC([C@H](CCC[NH3+])[NH3+])=O,O=C([O-])[C@H](CC1=CC=C(OP([O-])(O)=O)C=C1)NC([C@H](CCC[NH3+])[NH3+])=O,O=C([O-])[C@H](COP([O-])(O)=O)NC([C@H](CCC[NH3+])[NH3+])=O
C[C@@H](C([O-])=O)NC([C@H](CC1=CC=C(OP(O)([O-])=O)C=C1)[NH3+])=O,O=C([O-])CNC([C@H](CC1=CC=C(OP(O)([O-])=O)C=C1)[NH3+])=O,CC[C@H](C)[C@@H](C([O-])=O)NC([C@H](CC1=CC=C(OP(O)([O-])=O)C=C1)[NH3+])=O,CC(C)C[C@@H](C([O-])=O)NC([C@H](CC1=CC=C(OP(O)([O-])=O)C=C1)[NH3+])=O,O=C([O-])[C@H]1N(C([C@H](CC2=CC=C(OP([O-])(O)=O)C=C2)[NH3+])=O)CCC1,CC(C)[C@@H](C([O-])=O)NC([C@H](CC1=CC=C(OP(O)([O-])=O)C=C1)[NH3+])=O,O=C([O-])[C@H](CC1=CC=CC=C1)NC([C@H](CC1=CC=C(OP(O)([O-])=O)C=C1)[NH3+])=O,O=C([O-])[C@H](CC1=CNC2=C1C=CC=C2)NC([C@H](CC1=CC=C(OP(O)([O-])=O)C=C1)[NH3+])=O,OC1=CC=C(C=C1)C[C@@H](C([O-])=O)NC([C@H](CC1=CC=C(OP(O)([O-])=O)C=C1)[NH3+])=O,O=C([O-])C[C@@H](C([O-])=O)NC([C@H](CC1=CC=C(OP(O)([O-])=O)C=C1)[NH3+])=O,O=C([O-])CC[C@@H](C([O-])=O)NC([C@H](CC1=CC=C(OP(O)([O-])=O)C=C1)[NH3+])=O,[NH2+]=C(N)NCCC[C@@H](C([O-])=O)NC([C@H](CC1=CC=C(OP(O)([O-])=O)C=C1)[NH3+])=O,O=C([O-])[C@H](CC1=CNC=N1)NC([C@H](CC1=CC=C(OP(O)([O-])=O)C=C1)[NH3+])=O,[NH3+]CCCC[C@@H](C([O-])=O)NC([C@H](CC1=CC=C(OP(O)([O-])=O)C=C1)[NH3+])=O,OC[C@@H](C([O-])=O)NC([C@H](CC1=CC=C(OP(O)([O-])=O)C=C1)[NH3+])=O,C[C@@H](O)[C@@H](C([O-])=O)NC([C@H](CC1=CC=C(OP(O)([O-])=O)C=C1)[NH3+])=O,SC[C@@H](C([O-])=O)NC([C@H](CC1=CC=C(OP(O)([O-])=O)C=C1)[NH3+])=O,CSCC[C@@H](C([O-])=O)NC([C@H](CC1=CC=C(OP(O)([O-])=O)C=C1)[NH3+])=O,O=C(N)C[C@@H](C([O-])=O)NC([C@H](CC1=CC=C(OP(O)([O-])=O)C=C1)[NH3+])=O,O=C(N)CC[C@@H](C([O-])=O)NC([C@H](CC1=CC=C(OP(O)([O-])=O)C=C1)[NH3+])=O,C[Se]CC[C@@H](C([O-])=O)NC([C@H](CC1=CC=C(OP(O)([O-])=O)C=C1)[NH3+])=O,[SeH]C[C@@H](C([O-])=O)NC([C@H](CC1=CC=C(OP(O)([O-])=O)C=C1)[NH3+])=O,[NH3+]CCC[C@@H](C([O-])=O)NC([C@H](CC1=CC=C(OP(O)([O-])=O)C=C1)[NH3+])=O,O=C([O-])[C@H](CC1=CC=C(OP([O-])(O)=O)C=C1)NC([C@H](CC1=CC=C(OP(O)([O-])=O)C=C1)[NH3+])=O,O=C([O-])[C@H](COP([O-])(O)=O)NC([C@H](CC1=CC=C(OP(O)([O-])=O)C=C1)[NH3+])=O
C[C@@H](C([O-])=O)NC([C@H](COP(O)([O-])=O)[NH3+])=O,O=C([O-])CNC([C@H](COP(O)([O-])=O)[NH3+])=O,CC[C@H](C)[C@@H](C([O-])=O)NC([C@H](COP(O)([O-])=O)[NH3+])=O,CC(C)C[C@@H](C([O-])=O)NC([C@H](COP(O)([O-])=O)[NH3+])=O,O=C([O-])[C@H]1N(C([C@H](COP([O-])(O)=O)[NH3+])=O)CCC1,CC(C)[C@@H](C([O-])=O)NC([C@H](COP(O)([O-])=O)[NH3+])=O,O=C([O-])[C@H](CC1=CC=CC=C1)NC([C@H](COP(O)([O-])=O)[NH3+])=O,O=C([O-])[C@H](CC1=CNC2=C1C=CC=C2)NC([C@H](COP(O)([O-])=O)[NH3+])=O,OC1=CC=C(C=C1)C[C@@H](C([O-])=O)NC([C@H](COP(O)([O-])=O)[NH3+])=O,O=C([O-])C[C@@H](C([O-])=O)NC([C@H](COP(O)([O-])=O)[NH3+])=O,O=C([O-])CC[C@@H](C([O-])=O)NC([C@H](COP(O)([O-])=O)[NH3+])=O,[NH2+]=C(N)NCCC[C@@H](C([O-])=O)NC([C@H](COP(O)([O-])=O)[NH3+])=O,O=C([O-])[C@H](CC1=CNC=N1)NC([C@H](COP(O)([O-])=O)[NH3+])=O,[NH3+]CCCC[C@@H](C([O-])=O)NC([C@H](COP(O)([O-])=O)[NH3+])=O,OC[C@@H](C([O-])=O)NC([C@H](COP(O)([O-])=O)[NH3+])=O,C[C@@H](O)[C@@H](C([O-])=O)NC([C@H](COP(O)([O-])=O)[NH3+])=O,SC[C@@H](C([O-])=O)NC([C@H](COP(O)([O-])=O)[NH3+])=O,CSCC[C@@H](C([O-])=O)NC([C@H](COP(O)([O-])=O)[NH3+])=O,O=C(N)C[C@@H](C([O-])=O)NC([C@H](COP(O)([O-])=O)[NH3+])=O,O=C(N)CC[C@@H](C([O-])=O)NC([C@H](COP(O)([O-])=O)[NH3+])=O,C[Se]CC[C@@H](C([O-])=O)NC([C@H](COP(O)([O-])=O)[NH3+])=O,[SeH]C[C@@H](C([O-])=O)NC([C@H](COP(O)([O-])=O)[NH3+])=O,[NH3+]CCC[C@@H](C([O-])=O)NC([C@H](COP(O)([O-])=O)[NH3+])=O,O=C([O-])[C@H](CC1=CC=C(OP([O-])(O)=O)C=C1)NC([C@H](COP(O)([O-])=O)[NH3+])=O,O=C([O-])[C@H](COP([O-])(O)=O)NC([C@H](COP(O)([O-])=O)[NH3+])=O
